{
    "title": "Cacatoo - building, exploring, and sharing spatially structured models of biological systems", 
    "description": "Version of Cacatoo archived alongside publication of software in JOSS", 
    "license": "GPL-3",     
    "version": "1.0.4", 
    "upload_type": "software", 
    "publication_date": "2022-01-29", 
    "creators": [
        {
            "affiliation": "Max Planck Institute for Evolutionary Biology", 
            "name": "Bram van Dijk"
        }        
    ], 
    "access_right": "open", 
    "related_identifiers": [
        {
            "scheme": "url", 
            "identifier": "https://github.com/bramvandijk88/cacatoo/tree/1.0.3", 
            "relation": "isSupplementTo"
        }
    ]
}
